1,uiskinhifi,uiskinhifi,atlas,atlas
2,uiskin,uiskin,atlas,atlas
3,uiskinholo,uiskinholo,atlas,atlas
10,helpholo,helpholoup,png,icon
12,deleteholo,deleteholoup,png,icon
13,calendarholo,calendarholoup,png,icon
14,hifibuttons,hifibuttons,atlas,atlas
15,eventholo,neweventholoup,png,icon
17,doneholo,doneholoup,png,icon
19,achieholo,achieholoup,png,icon
11,neweventholo,eventholoup,png,icon
13,optionsholo,optionsholoup,png,icon
15,cancelholo,cancelholoup,png,icon
18,Prelude in C,preludeinc,mp3,musicdisabled
19,Relent,relent,mp3,musicdisabled
20,editholo,editholoup,png,icon
23,Arial,arial,ttf,ttf